Stock1,Stock2,Beta,Half_Life,Current_ZScore
ADI,TXN,1.0346655535172848,,0.9821221526118045
ADI,ON,1.8655459532167884,,1.6946253508839066
ADP,PAYX,2.037026282089506,58.92993773270729,-1.962185781301277
