period,total_pairs,avg_p_value,avg_half_life,unique_stocks
7D,25,0.003781578626542984,,32
1M,78,0.006831368531124297,8.62121514720472,57
3M,53,0.018420626201161288,6.890773648149274,43
6M,145,0.02762781403564872,6.357829277014974,83
12M,277,0.023565981292982482,8.30271637930503,97
