period,total_pairs,avg_p_value,avg_half_life,unique_stocks
7D,22,0.006111582175634534,,22
1M,128,0.0031018144689274095,,75
3M,23,0.02505820175239183,7.926080690156292,32
6M,193,0.0273990469730761,6.392444818787916,86
12M,296,0.02115460109686607,7.898818366389489,97
24M,287,0.02327517916489349,15.115620182922095,99
