,asset1,asset2,correlation
3,GOOG,GOOGL,0.9976984608252906
1,AMAT,LRCX,0.9283716894116611
0,AMAT,KLAC,0.9170620339329182
4,KLAC,LRCX,0.9167453531626926
2,CDNS,SNPS,0.9105215036724376
